Barcode,Ba_C11
AAGCGTTCACATTGTG-1,C11
ACCAACATCGGTAGGA-1,C11
AGACAAAAGGTCCCTG-1,Ba
AGATGAAAGCCTGACC-1,Ba
AGGGTCCAGATGACAT-1,Ba
CTTTCAAAGGCCCGTT-1,C11
GACTGATGTGTTCGAT-1,C11
GCCAGGTCATACATCG-1,C11
TGGGTTATCTTCTGTA-1,Ba
TGTTGGACACAAGTGG-2,C11
ACATCCCAGCTGTTCA-3,C11
AGTAGTCAGGACAGCT-3,C11
CAATGACAGGTAGCCA-3,C11
CATACAGCACAATGTC-3,C11
CATTCCGTCGGAGCAA-3,C11
AACCTTTGTTAACAGA-4,C11
AAGCGAGCAGCTTTGA-4,C11
AAGCGAGCAGGAGACT-4,C11
AAGCGTTTCGATAACC-4,C11
AAGCGTTTCGCGTGCA-4,C11
AATGAAGTCGCCCAGA-4,C11
AATGGAAGTATGGTTC-4,C11
ACAACCACACGGATCC-4,C11
ACATTTCAGCGCATCC-4,C11
ACATTTCTCTCTTCAA-4,C11
ACCATTTAGATGACCG-4,C11
ACCATTTTCTATGCCC-4,C11
ACTATCTCACAAATGA-4,C11
ACTCCCAAGTTCCATG-4,C11
ACTCTCGCAAGAGGTC-4,C11
ACTGTCCAGGTTCAGG-4,C11
ACTGTGAGTCACCCTT-4,C11
ACTTCCGAGATGTTCC-4,C11
AGATAGATCCTAGCGG-4,C11
AGATGAAGTAACCAGG-4,C11
AGCCACGTCTGGTTGA-4,C11
AGCGCCAGTTGGGCCT-4,C11
AGGTCATTCCCTTTGG-4,C11
AGTACCATCGCTTGAA-4,C11
AGTAGTCCACCGTCTT-4,C11
AGTCAACCATCGCTAA-4,C11
AGTCACATCATCTACT-4,C11
ATAGACCAGTGGTGGT-4,C11
ATCCACCTCGTTATCT-4,C11
ATCGTGAAGCCAAGGT-4,C11
ATGGGAGAGGAACTCG-4,C11
ATGTCCCCACTCAGAT-4,C11
ATTACCTTCATTACCT-4,C11
ATTATCCCATAGGTAA-4,C11
ATTCAGGGTGTTACAC-4,C11
CAATACGTCTAGGCAT-4,C11
CAGATTGAGTATCTGC-4,C11
CATCCACAGAAGGCTC-4,C11
CATGCTCGTTTGAAAG-4,C11
CCCTCTCAGCGCCTAC-4,C11
CCGATCTCACAGTGTT-4,C11
CCGGTAGTCGCTTAAG-4,C11
CCTACGTTCAAGCGTT-4,C11
CCTATCGAGCTAAATG-4,C11
CCTATCGTCGGATACT-4,C11
CCTCTAGTCTACCCAC-4,C11
CCTGTTGTCTTGGGCG-4,C11
CGAAGTTAGGTCCTGC-4,C11
CGAGGAACAACTTGGT-4,C11
CGAGGAACAGATGCGA-4,C11
CGATCGGAGTGCTCAT-4,C11
CTACATTTCTCATTAC-4,C11
CTATCCGCAGGGCTTC-4,C11
CTATCTATCCGTGCGA-4,C11
CTGAATGGTACGGCAA-4,C11
CTGCTCATCAAGATAG-4,C11
CTTGATTGTATCCTTT-4,C11
GAAGAATGTTCGGCCA-4,C11
GAAGGGTGTGCGTGCT-4,C11
GACCAATAGGAATGTT-4,C11
GACCCAGGTCATACCA-4,C11
GACCTTCTCTTCCCGA-4,C11
GACTCTCTCTGTCCCA-4,C11
GAGACTTCAGTTACCA-4,C11
GAGGGTAGTGGTAATA-4,C11
GAGTTACGTCACCGAC-4,C11
GCAACATTCGTGCACG-4,C11
GCAGCCATCATAGAGA-4,C11
GCAGCCATCGTAGTCA-4,C11
GCAGGCTCAGGCACTC-4,C11
GCTTGGGCATACAGCT-4,C11
GGAATCTGTTCAAGTC-4,C11
GGAGGATTCTTAGCAG-4,C11
GGATGTTAGAATCGCG-4,C11
GGGATCCGTGCAGGAT-4,C11
GGGTAGACAAGACGAC-4,C11
GGGTTTATCTGCATGA-4,C11
GTCCCATTCTGTAAGC-4,C11
GTGATGTTCGTCCTCA-4,C11
GTGCAGCCAGTGTGGA-4,C11
GTGCTGGGTACTGACT-4,C11
GTGGGAAAGTCCCGAC-4,C11
GTGTGGCGTAGTGTGG-4,C11
TAACGACCAAAGACGC-4,C11
TACAACGTCCGTGTGG-4,C11
TACCCGTGTACTTCCC-4,C11
TACGCTCAGATCCGAG-4,C11
TACTTCAGTCGTATGT-4,C11
TAGGTTGAGCCAACCC-4,C11
TCAATCTTCGCATGAT-4,C11
TCACGCTTCAGCTGTA-4,C11
TCAGTCCGTTCAGCTA-4,C11
TCATTCACAGCTACAT-4,C11
TCCATCGTCCACTTCG-4,C11
TCGGGTGTCTACTCAT-4,C11
TCTTCCTCAGGGAATC-4,C11
TGAATGCCATGAGGGT-4,C11
TGACAGTGTTTGGAGG-4,C11
TGACAGTTCCGAGGCT-4,C11
TGACAGTTCTTTGATC-4,C11
TGATGGTTCTTCGATT-4,C11
TGCACGGAGTCTTCGA-4,C11
TGCGACGAGGGTGGGA-4,C11
TGCGGCAGTAGCTTGT-4,C11
TGGATGTTCCGTTGGG-4,C11
TGGGCGTGTTAAGCAA-4,C11
TGGGTTAGTGTGTCCG-4,C11
TGTCCCAAGGCCTTCG-4,C11
TTACCATTCTAGTGTG-4,C11
TTAGTCTGTTCTCGCT-4,C11
TTCAATCCATGACCCG-4,C11
TTCCTAACATCCGAGC-4,C11
TTGTTCACAAGGGTCA-4,C11
TTTCCTCAGTAGCATA-4,C11
TTTGACTGTGTTAGCT-4,C11
ACATCCCAGCTGTTCA-5,C11
AGTAGTCAGGACAGCT-5,C11
CAATGACAGGTAGCCA-5,C11
CATACAGCACAATGTC-5,C11
CATTCCGTCGGAGCAA-5,C11
GTAGTACTCGTAACTG-5,C11
GACTGATGTCAGACTT-6,Ba
AACCATGAGACTCTTG-7,C11
AACCTTTGTTAACAGA-7,C11
AAGCGAGCAGCTTTGA-7,C11
AAGCGAGCAGGAGACT-7,C11
AAGCGTTTCGCGTGCA-7,C11
AATGAAGTCGCCCAGA-7,C11
AATGGAAGTATGGTTC-7,C11
ACAACCACACGGATCC-7,C11
ACACTGATCAGTCATG-7,Ba
ACATTTCAGCGCATCC-7,C11
ACATTTCTCTCTTCAA-7,C11
ACCATTTAGATGACCG-7,C11
ACCATTTTCTATGCCC-7,C11
ACGTCCTCACAGAGAC-7,Ba
ACTATCTCACAAATGA-7,C11
ACTCCCAAGTTCCATG-7,C11
ACTCTCGCAAGAGGTC-7,C11
ACTGTCCAGGTTCAGG-7,C11
ACTGTGAGTCACCCTT-7,C11
ACTTCCGAGATGTTCC-7,C11
AGATAGATCCTAGCGG-7,C11
AGATGAAGTAACCAGG-7,C11
AGCCACGTCTGGTTGA-7,C11
AGCGCCAGTTGGGCCT-7,C11
AGGTTGTGTCGAACGA-7,C11
AGTACCATCGCTTGAA-7,C11
AGTAGTCCACCGTCTT-7,C11
AGTCAACCATCGCTAA-7,C11
AGTCACATCATCTACT-7,C11
ATAGACCAGTGGTGGT-7,C11
ATCCACCTCGTTATCT-7,C11
ATCGATGGTGTTCGTA-7,C11
ATCGCCTGTAGAGGAA-7,C11
ATCGTGAAGCCAAGGT-7,C11
ATCGTGATCGAAATCC-7,C11
ATGGGAGAGGAACTCG-7,C11
ATGGTTGTCTCGAACA-7,C11
ATGTCCCCACTCAGAT-7,C11
ATTACCTTCATTACCT-7,C11
ATTATCCCATAGGTAA-7,C11
CAAGAGGTCCATCCGT-7,C11
CAATACGTCTAGGCAT-7,C11
CAGATTGAGTATCTGC-7,C11
CATCCACAGAAGGCTC-7,C11
CATGCTCGTTTGAAAG-7,C11
CATTTCACAGAGATTA-7,C11
CCCTCTCAGCGCCTAC-7,C11
CCGATCTCACAGTGTT-7,C11
CCGGTAGTCGCTTAAG-7,C11
CCTACGTTCAAGCGTT-7,C11
CCTATCGAGCTAAATG-7,C11
CCTATCGTCGGATACT-7,C11
CCTCTAGTCTACCCAC-7,C11
CCTGTTGTCTTGGGCG-7,C11
CGAAGTTAGGTCCTGC-7,C11
CGAGGAACAACTTGGT-7,C11
CGAGGAACAGATGCGA-7,C11
CGATCGGAGTGCTCAT-7,C11
CTAAGTGGTTCAGGTT-7,Ba
CTACATTTCTCATTAC-7,C11
CTATCCGCAGGGCTTC-7,C11
CTATCTATCCGTGCGA-7,C11
CTGAATGGTACGGCAA-7,C11
CTGCTCATCAAGATAG-7,C11
CTGTACCCATATACCG-7,C11
CTTGATTGTATCCTTT-7,C11
GAAGAATGTTCGGCCA-7,C11
GAAGCGACAGCCGTCA-7,Ba
GAAGGGTGTGCGTGCT-7,C11
GACCAATAGGAATGTT-7,C11
GACCTTCTCTTCCCGA-7,C11
GACTCAAGTGCCTACG-7,C11
GACTCTCGTTGTGCAT-7,C11
GACTCTCTCTGTCCCA-7,C11
GAGACTTCAGTTACCA-7,C11
GAGGGTAGTGGTAATA-7,C11
GAGTTACGTCACCGAC-7,C11
GATGAGGCAGGTGTTT-7,C11
GCAACATTCGTGCACG-7,C11
GCAGCCATCATAGAGA-7,C11
GCAGCCATCGTAGTCA-7,C11
GCAGGCTCAGGCACTC-7,C11
GCCCAGATCCGGTAGC-7,Ba
GCTTGGGCATACAGCT-7,C11
GGAATCTGTTCAAGTC-7,C11
GGAGGATTCTTAGCAG-7,C11
GGATGTTAGAATCGCG-7,C11
GGGATCCGTGCAGGAT-7,C11
GGGTAGACAAGACGAC-7,C11
GGGTTTATCTGCATGA-7,C11
GTCCACTAGCCACAAG-7,Ba
GTCCCATTCTGTAAGC-7,C11
GTGACGCTCATCTCTA-7,C11
GTGATGTTCGTCCTCA-7,C11
GTGCTGGGTACTGACT-7,C11
GTGGGAAAGTCCCGAC-7,C11
GTGTGGCGTAGTGTGG-7,C11
GTTTACTAGCCAGTAG-7,C11
TAACGACCAAAGACGC-7,C11
TACAACGTCCGTGTGG-7,C11
TACGCTCAGATCCGAG-7,C11
TACGGTAAGGTCATAA-7,Ba
TACTTACCATGATAGA-7,Ba
TACTTACGTTCGTACA-7,Ba
TACTTCAGTCGTATGT-7,C11
TAGGTTGAGCCAACCC-7,C11
TAGGTTGTCGAAACAA-7,Ba
TATCGCCGTAGTGTGG-7,C11
TATTCCAAGCTTCGTA-7,C11
TCAATCTTCGCATGAT-7,C11
TCACGCTTCAGCTGTA-7,C11
TCAGTCCGTTCAGCTA-7,C11
TCATTACTCTCAATCT-7,C11
TCATTCACAGCTACAT-7,C11
TCCATCGTCCACTTCG-7,C11
TCCTTCTAGAAACCAT-7,Ba
TCGGATAAGCACCAGA-7,C11
TCGGGTGAGCGTATAA-7,C11
TCGGGTGTCTACTCAT-7,C11
TCGTCCATCCGTTGAA-7,C11
TCTTCCTCAGGGAATC-7,C11
TCTTCCTGTGGCGCTT-7,C11
TGAATGCCATGAGGGT-7,C11
TGACAGTGTTTGGAGG-7,C11
TGACAGTTCCGAGGCT-7,C11
TGACAGTTCTTTGATC-7,C11
TGATGGTTCTTCGATT-7,C11
TGCACGGAGTCTTCGA-7,C11
TGCATCCCAAGTCATC-7,Ba
TGCGACGAGGGTGGGA-7,C11
TGCGGCAGTAGCTTGT-7,C11
TGCGGCAGTGGCTACC-7,C11
TGCTCGTGTTGGGACA-7,C11
TGGATGTTCCGTTGGG-7,C11
TGGGCGTGTTAAGCAA-7,C11
TGGGTTAAGGGATCTG-7,C11
TGGGTTAGTGTGTCCG-7,C11
TGTACAGAGATTAGTG-7,C11
TGTCCCAAGGCCTTCG-7,C11
TGTCCTGCAATGAAAC-7,Ba
TTAATCCGTACTCCCT-7,C11
TTACCATTCTAGTGTG-7,C11
TTAGTCTGTTCTCGCT-7,C11
TTCAATCCATGACCCG-7,C11
TTCCTAACATCCGAGC-7,C11
TTCCTCTCAGGTTCCG-7,Ba
TTCTTGAAGGTCCCGT-7,C11
TTGTTCAAGGCTCCCA-7,C11
TTGTTCACAAGGGTCA-7,C11
ACATCCCAGCTGTTCA-8,C11
ATTCACTCACACGCCA-8,Ba
CAATGACAGGTAGCCA-8,C11
CATACAGCACAATGTC-8,C11
CATTCCGTCGGAGCAA-8,C11
CGCAGGTCACCTTCCA-8,Ba
GAAGGACAGTCCTGCG-8,Ba
TACTTACGTATCAAGA-8,Ba
ACAAAGACAGCGGTTC-9,Ba
CCGTGAGTCCACGTGG-9,C11
CTACCTGCAGGCGTTC-9,Ba
GAAGCCCGTAAGTTAG-9,C11
GGGCGTTAGTCACTCA-9,C11
TGCTTCGGTTGCGAAG-9,C11
TGGGAGATCGTCCTTG-9,C11
TTCAATCAGAATTGCA-9,C11
AACAAGACAGGTTCCG-10,C11
AAGACTCTCCAAGCAT-10,C11
ACATCCCAGATGCTGG-10,C11
ACGGTCGCACGCGGTT-10,C11
ACGTAACTCAAATGAG-10,Ba
ACTATTCAGGTCCGAA-10,Ba
ACTTTGTAGTGCCGAA-10,C11
AGACTCATCGGTAAGG-10,C11
AGATGCTAGGTCCTGC-10,C11
AGGAAATTCGGTCGAC-10,C11
AGTGCCGTCATGGTAC-10,C11
AGTTCCCGTTTAAGGA-10,C11
ATCACAGCAGCGGTCT-10,Ba
ATGAAAGAGTCATCGT-10,C11
ATGAGGGTCAATCTCT-10,C11
ATGGGAGGTCAATGGG-10,C11
ATTACCTAGATGGGCT-10,C11
ATTCCTAGTCTGTGTA-10,C11
ATTTACCAGTTGCTGT-10,C11
CAACCAAGTATACAGA-10,C11
CAAGCTAAGCATCGAG-10,C11
CAATGACCATGGCTGC-10,C11
CACGGGTCAATAACCC-10,C11
CATCCACGTTCCCACT-10,C11
CATTGTTGTAGCGTAG-10,Ba
CGGAATTTCCGCCTAT-10,C11
CGGAGAAGTGCATACT-10,C11
CGGGACTTCAGGGTAG-10,C11
CTAAGTGTCCTAGCTC-10,Ba
CTCATGCGTTGTGCCG-10,C11
CTTACCGTCCGAAATC-10,Ba
GACCGTGCAGTGCGCT-10,C11
GAGAGGTGTCGCTTAA-10,C11
GATGTTGCACACACTA-10,C11
GCAGCTGAGGCACCAA-10,Ba
GCCCAGATCTAGGCAT-10,C11
GCGATCGTCGTACACA-10,Ba
GGAATGGCACACCTAA-10,Ba
GGGAGATTCGCTACGG-10,C11
GGGTTTATCGCCTAGG-10,C11
GGTTGTACAACTGAAA-10,C11
GTAAGTCTCAATGCAC-10,C11
GTAGAGGCATCCCGTT-10,C11
GTCAAACTCTGGTGCG-10,C11
GTCGAATAGAGTGGCT-10,Ba
GTCTACCGTACTGCGC-10,C11
GTCTAGAGTGCAATGG-10,Ba
GTGAGCCGTGACATCT-10,C11
GTTACCCTCGACCATA-10,C11
GTTACGACAGGCCCTA-10,C11
TATACCTGTATGACAA-10,C11
TCAAGCAGTAAGAACT-10,Ba
TCACATTAGTGCAGGT-10,C11
TCCCATGAGGATTCCT-10,C11
TCGGGCATCCGTAATG-10,C11
TCGGGTGGTAAGTCAA-10,C11
TGGGAGAAGCAATTAG-10,C11
TTACCGCGTTTAAGGA-10,C11
TTAGGGTGTAACAGTA-10,C11
TTCATGTGTTGCCATA-10,Ba
TTCCAATGTCACTTAG-10,Ba
TTCCACGTCGCTTAAG-10,C11
TTCTGTATCAGACCGC-10,C11
TTGAACGCAGCCCAGT-10,C11
AAGACTCTCCAAGCAT-11,C11
ATGAAAGAGTCATCGT-11,C11
ATGAGGGTCAATCTCT-11,C11
ATTACCTAGATGGGCT-11,C11
CAATGACAGTTAGTGA-11,Ba
CAATGACCATGGCTGC-11,C11
CACGGGTCAATAACCC-11,C11
CCCTGATGTGGCATCC-11,C11
CGGGACTTCAGGGTAG-11,C11
CGTAGTAAGTTAACGA-11,Ba
GACCGTGCAGTGCGCT-11,C11
GCCCAGATCTAGGCAT-11,C11
GGGAGATTCGCTACGG-11,C11
GTCAAACTCTGGTGCG-11,C11
GTCTCACTCGTTCAGA-11,C11
GTGAGCCGTGACATCT-11,C11
GTTACCCTCGACCATA-11,C11
GTTACGACAGGCCCTA-11,C11
TATACCTGTATGACAA-11,C11
TCGGGTGGTAAGTCAA-11,C11
TGGGAGAAGCAATTAG-11,C11
TTACCGCGTTTAAGGA-11,C11
TTCTGTATCAGACCGC-11,C11
AGAAATGCAGGGAGAG-12,Ba
AGGGTCCGTCTGTGAT-12,C11
TATTCCAAGTACAGCG-12,Ba
TGTTGGACACAAGTGG-12,C11
ATCACTTAGCAATAAC-13,Ba
AACTTCTTCTCCTGCA-15,Ba
AGTCTCCTCTTCACGC-15,Ba
GCATGATCAAATACGA-15,Ba
TTTCAGTCAATGCTCA-15,Ba
